ID,name,username,birthdate,job,sex
0,Bradley Russo,rbennett,1968-11-08,Best boy,F
1,Brian Duncan,cindy96,1924-11-11,"Runner, broadcasting/film/video",F
2,Jack Neal,daniel14,1922-06-06,"Designer, television/film set",F
3,Jasmine Harris,brianwhite,1972-04-12,Energy manager,F
4,Lisa Patrick DDS,websterashley,1980-11-01,Marketing executive,F
5,Joshua Garcia,maxwellwendy,1967-02-11,Data processing manager,M
6,Nancy Jackson,vroth,1963-10-18,Cytogeneticist,F
7,Michael Hill,jeremyfoster,1965-03-12,Naval architect,F
8,Mark Reese,wallgregory,1996-01-06,Photographer,F
9,Erin Jensen,silvaamy,1972-11-11,"Pharmacist, community",M
10,Rebecca Wade,rmiddleton,1970-09-16,Health physicist,F
11,Edward Dawson,ashleymorris,1931-06-26,Fish farm manager,M
12,Jenna Martin,boyernatalie,1927-10-08,Data scientist,F
13,Mary Williams,robinsonemily,1927-12-19,Broadcast journalist,F
14,Aaron Nolan,robbinsariel,1971-01-05,Operations geologist,M
15,Brandon Carter,anthony54,1943-03-29,Physiotherapist,F
16,Jeffrey Mann,nathaniel53,1917-02-17,Race relations officer,F
17,Ernest Khan,melissa81,1986-09-02,Art gallery manager,F
18,Elizabeth Hardy,meyercatherine,1966-06-18,Publishing rights manager,M
19,Jessica Velazquez,james06,1915-04-20,Risk manager,F
20,Monica Frederick,kari93,1975-10-02,Health physicist,M
21,William Bowers,bowens,1965-09-28,Minerals surveyor,F
22,Cody Simmons,gentrytravis,1965-09-30,Clinical research associate,F
23,Brian Davis,morrisjoseph,1963-06-13,"Civil engineer, contracting",F
24,Aaron Stevens,rhunt,1931-09-04,Waste management officer,M
25,Raymond Smith Jr.,cynthia64,1978-12-06,Chartered legal executive (England and Wales),M
26,Lisa Foley,fsmith,1923-02-22,Clinical psychologist,M
27,Mike Caldwell MD,rmartin,1920-07-09,Emergency planning/management officer,M
28,Dawn Price,gregory51,1997-02-20,English as a foreign language teacher,M
29,Michael Wade,robertbradley,1947-09-27,"Engineer, communications",F
30,Michael Gonzalez,john59,1966-07-07,Fine artist,M
31,Lisa Johnson,pricesusan,1932-06-21,Community education officer,M
32,Kristin Wilson,ojones,1957-02-25,Dancer,F
33,Mr. Kyle Pennington,martinrachael,1987-03-27,"Teacher, primary school",F
34,Jamie Griffin,darrenbrowning,1966-08-02,Electrical engineer,M
35,Steven Johnson,amanda12,2003-03-09,Curator,M
36,Margaret Harmon,haleyfrederick,1948-11-29,Tree surgeon,F
37,Casey Roy,jennifer15,1942-11-01,Audiological scientist,M
38,Mark Freeman,vrojas,1965-06-14,Actuary,F
39,Cassie Lambert,rossdaniel,1949-02-24,Banker,F
40,Jacob Stafford,scottnichols,2002-01-31,"Scientist, audiological",M
41,Ashley Johnston,fhammond,1911-05-21,Market researcher,F
42,Michael Savage,kathyburton,1928-06-16,"Teacher, special educational needs",F
43,David Murphy,thomas12,1995-12-05,Geophysicist/field seismologist,F
44,Alexis Perez,amanda42,1934-03-01,"Conservator, furniture",F
45,Angela Wilcox,kevinmiddleton,1916-10-26,Audiological scientist,M
46,Vicki Mccoy,marco81,1945-07-31,"Clinical scientist, histocompatibility and immunogenetics",F
47,Jessica Doyle,perezjoseph,1972-06-19,Oncologist,M
48,Brittany Fisher,ikennedy,1914-03-01,Sales executive,F
49,Danny Harris,amanda94,1909-10-06,Immigration officer,M
50,David Mitchell,cody13,1992-06-15,Solicitor,M
51,Joseph Harper,salassamantha,1988-04-01,Clinical embryologist,M
52,Joseph Rivera,awade,1962-06-26,Chiropodist,F
53,Brooke Miller,hsmith,1907-10-11,"Scientist, marine",F
54,Tanya Kaiser,joneskristen,1940-06-01,"Scientist, research (medical)",M
55,Shawn Shelton,andersonjon,1933-02-04,Manufacturing engineer,F
56,Jessica Webb,sandrawalton,1984-11-14,"Scientist, forensic",M
57,Angela Greene,anthony20,1946-05-30,"Education officer, environmental",F
58,Jonathan Carlson MD,yvazquez,1976-08-16,"Engineer, aeronautical",M
59,Keith Jones,xbeasley,1993-04-03,"Conservator, museum/gallery",M
60,Thomas Martin,morenoshelley,1923-03-31,"Investment banker, corporate",M
61,James Townsend,jamie89,1993-02-11,Waste management officer,M
62,Brittany Flores,ambermolina,1990-05-08,Engineering geologist,F
63,Yolanda Estrada,aaroncox,1985-08-09,Optometrist,F
64,Ryan Ibarra,bwhite,1950-10-06,"Engineer, broadcasting (operations)",F
65,Kathleen Jackson,barrytaylor,1996-04-15,Manufacturing systems engineer,F
66,Kristina Wolfe,yhall,1947-12-27,Higher education lecturer,F
67,Chase Pitts,wjohnson,1949-07-10,Financial controller,F
68,Frances Nelson,susan95,1942-08-15,Animator,M
69,Catherine Glover,ypowell,1957-05-10,"Scientist, product/process development",F
70,Micheal Gaines,krista02,1944-10-19,"Surveyor, land/geomatics",M
71,Deborah Richards,qwallace,1962-04-19,Water quality scientist,M
72,Victor Gutierrez,ukidd,1940-07-30,Secondary school teacher,F
73,Debbie Pitts,nancywade,1908-11-13,Counsellor,F
74,Raymond Boyer,trevorkey,1947-01-03,Seismic interpreter,M
75,Daniel Ramsey,asalazar,1995-03-09,"Scientist, physiological",F
76,Angela Robinson,destinywilliams,1989-01-14,"Engineer, electrical",M
77,Ronald Kim,kylenguyen,1942-09-21,Control and instrumentation engineer,F
78,Kristen Hayes,chavezsherri,1989-12-31,Legal executive,F
79,Michael Deleon,jmarks,1915-03-08,"Teacher, adult education",M
80,Carolyn Watson,gmathews,1938-03-06,Building control surveyor,F
81,David Gordon,umunoz,1933-11-29,"Copywriter, advertising",F
82,Laura Jones,shahn,1923-06-24,Industrial/product designer,F
83,John Medina,christopher64,1966-05-19,Financial trader,M
84,Amy Lozano,dreeves,1984-09-11,Adult nurse,M
85,Ms. Michelle Rivera,crystalwalton,1969-03-19,"Investment banker, corporate",F
86,Jonathan Gibbs,joshuahenson,1960-11-03,Dealer,M
87,Kirsten Bray,browndanielle,1934-12-26,Higher education lecturer,M
88,Matthew Jimenez,robertrollins,1958-12-28,Petroleum engineer,M
89,Victoria Schneider,justinreyes,1957-12-13,"Chemist, analytical",M
90,John Sanchez,teresacole,1953-01-22,Homeopath,F
91,Travis Moyer,jenniferbyrd,1946-04-03,Fitness centre manager,F
92,Amanda Booth,dannyhayden,1914-11-13,"Surveyor, quantity",F
93,Jon Brown,xpalmer,1980-07-17,"Administrator, charities/voluntary organisations",F
94,Raymond Bradley,nicholasmurphy,1988-01-09,Furniture conservator/restorer,F
95,Victoria Meyer,smiththomas,1929-04-27,"Social research officer, government",M
96,Denise Jenkins,kclark,1924-07-01,"Engineer, maintenance",F
97,Deborah Sweeney,cathy96,1998-01-23,Ophthalmologist,F
98,Daniel Becker,travisandrew,1921-07-11,Communications engineer,M
99,Jacob Roberts,barbara29,1971-10-30,"Therapist, sports",F
100,Robert Lewis,havila,1984-12-18,Technical author,M
